{
  "window_index": 2,
  "frame_start": 900,
  "frame_end": 1349,
  "avg_count": 18.424444444444443,
  "avg_density": 0.30707407407407405
}