{
  "window_index": 23,
  "frame_start": 10350,
  "frame_end": 10799,
  "avg_count": 27.244444444444444,
  "avg_density": 0.4540740740740741
}