{
  "window_index": 6,
  "frame_start": 2700,
  "frame_end": 3149,
  "avg_count": 32.89333333333333,
  "avg_density": 0.5482222222222223
}