{
  "window_index": 29,
  "frame_start": 13050,
  "frame_end": 13499,
  "avg_count": 7.8133333333333335,
  "avg_density": 0.13022222222222224
}