{
  "window_index": 26,
  "frame_start_index": 11700,
  "frame_end_index": 12149,
  "timestamp_start": "0:06:29",
  "timestamp_end": "0:06:44",
  "avg_count": 1.4555555555555555,
  "avg_density": 0.024259259259259255,
  "samples": [
    "frame_00011700.jpg",
    "frame_00011925.jpg",
    "frame_00012149.jpg"
  ]
}