{
  "window_index": 41,
  "frame_start": 18450,
  "frame_end": 18899,
  "avg_count": 29.324444444444445,
  "avg_density": 0.48874074074074064
}