{
  "window_index": 20,
  "frame_start": 9000,
  "frame_end": 9449,
  "avg_count": 21.862222222222222,
  "avg_density": 0.3643703703703703
}