{
  "window_index": 10,
  "frame_start": 4500,
  "frame_end": 4949,
  "avg_count": 4.193333333333333,
  "avg_density": 0.06988888888888889
}