{
  "window_index": 43,
  "frame_start": 19350,
  "frame_end": 19799,
  "avg_count": 32.202222222222225,
  "avg_density": 0.5367037037037037
}