{
  "window_index": 11,
  "frame_start": 4950,
  "frame_end": 5399,
  "avg_count": 6.131111111111111,
  "avg_density": 0.10218518518518518
}