{
  "window_index": 21,
  "frame_start": 9450,
  "frame_end": 9899,
  "avg_count": 24.273333333333333,
  "avg_density": 0.40455555555555556
}