{
  "window_index": 12,
  "frame_start": 5400,
  "frame_end": 5849,
  "avg_count": 14.697777777777778,
  "avg_density": 0.244962962962963
}