{
  "window_index": 1,
  "frame_start": 450,
  "frame_end": 899,
  "avg_count": 22.615555555555556,
  "avg_density": 0.37692592592592594
}