{
  "window_index": 35,
  "frame_start_index": 15750,
  "frame_end_index": 16199,
  "timestamp_start": "0:08:44",
  "timestamp_end": "0:08:59",
  "avg_count": 3.1133333333333333,
  "avg_density": 0.051888888888888894,
  "samples": [
    "frame_00015750.jpg",
    "frame_00015975.jpg",
    "frame_00016199.jpg"
  ]
}