{
  "window_index": 34,
  "frame_start_index": 15300,
  "frame_end_index": 15749,
  "timestamp_start": "0:08:29",
  "timestamp_end": "0:08:44",
  "avg_count": 0.4711111111111111,
  "avg_density": 0.007851851851851851,
  "samples": [
    "frame_00015300.jpg",
    "frame_00015525.jpg",
    "frame_00015749.jpg"
  ]
}