{
  "window_index": 13,
  "frame_start_index": 5850,
  "frame_end_index": 6299,
  "timestamp_start": "0:03:14",
  "timestamp_end": "0:03:29",
  "avg_count": 0.7644444444444445,
  "avg_density": 0.012740740740740738,
  "samples": [
    "frame_00005850.jpg",
    "frame_00006075.jpg",
    "frame_00006299.jpg"
  ]
}