{
  "window_index": 29,
  "frame_start_index": 13050,
  "frame_end_index": 13499,
  "timestamp_start": "0:07:14",
  "timestamp_end": "0:07:29",
  "avg_count": 0.5288888888888889,
  "avg_density": 0.008814814814814814,
  "samples": [
    "frame_00013050.jpg",
    "frame_00013275.jpg",
    "frame_00013499.jpg"
  ]
}