{
  "window_index": 40,
  "frame_start": 18000,
  "frame_end": 18449,
  "avg_count": 26.584444444444443,
  "avg_density": 0.4430740740740742
}