{
  "window_index": 7,
  "frame_start": 3150,
  "frame_end": 3599,
  "avg_count": 8.19111111111111,
  "avg_density": 0.13651851851851854
}