{
  "window_index": 17,
  "frame_start_index": 7650,
  "frame_end_index": 8099,
  "timestamp_start": "0:04:14",
  "timestamp_end": "0:04:29",
  "avg_count": 0.10222222222222223,
  "avg_density": 0.0017037037037037036,
  "samples": [
    "frame_00007650.jpg",
    "frame_00007875.jpg",
    "frame_00008099.jpg"
  ]
}