{
  "window_index": 27,
  "frame_start_index": 12150,
  "frame_end_index": 12599,
  "timestamp_start": "0:06:44",
  "timestamp_end": "0:06:59",
  "avg_count": 0.9244444444444444,
  "avg_density": 0.015407407407407406,
  "samples": [
    "frame_00012150.jpg",
    "frame_00012375.jpg",
    "frame_00012599.jpg"
  ]
}