{
  "window_index": 14,
  "frame_start_index": 6300,
  "frame_end_index": 6749,
  "timestamp_start": "0:03:29",
  "timestamp_end": "0:03:44",
  "avg_count": 0.05555555555555555,
  "avg_density": 0.000925925925925926,
  "samples": [
    "frame_00006300.jpg",
    "frame_00006525.jpg",
    "frame_00006749.jpg"
  ]
}