{
  "window_index": 32,
  "frame_start": 14400,
  "frame_end": 14849,
  "avg_count": 8.093333333333334,
  "avg_density": 0.1348888888888889
}