{
  "window_index": 22,
  "frame_start": 9900,
  "frame_end": 10349,
  "avg_count": 22.546666666666667,
  "avg_density": 0.3757777777777778
}