{
  "window_index": 4,
  "frame_start": 1800,
  "frame_end": 2249,
  "avg_count": 33.63333333333333,
  "avg_density": 0.5605555555555555
}