{
  "window_index": 19,
  "frame_start": 8550,
  "frame_end": 8999,
  "avg_count": 17.137777777777778,
  "avg_density": 0.2856296296296296
}