{
  "window_index": 19,
  "frame_start_index": 8550,
  "frame_end_index": 8999,
  "timestamp_start": "0:04:44",
  "timestamp_end": "0:04:59",
  "avg_count": 0.024444444444444446,
  "avg_density": 0.00040740740740740744,
  "samples": [
    "frame_00008550.jpg",
    "frame_00008775.jpg",
    "frame_00008999.jpg"
  ]
}