{
  "window_index": 16,
  "frame_start": 7200,
  "frame_end": 7649,
  "avg_count": 3.7333333333333334,
  "avg_density": 0.06222222222222222
}