{
  "window_index": 3,
  "frame_start": 1350,
  "frame_end": 1799,
  "avg_count": 22.575555555555557,
  "avg_density": 0.37625925925925924
}