{
  "window_index": 8,
  "frame_start_index": 3600,
  "frame_end_index": 4049,
  "timestamp_start": "0:01:59",
  "timestamp_end": "0:02:14",
  "avg_count": 0.1288888888888889,
  "avg_density": 0.002148148148148148,
  "samples": [
    "frame_00003600.jpg",
    "frame_00003825.jpg",
    "frame_00004049.jpg"
  ]
}