{
  "window_index": 28,
  "frame_start_index": 12600,
  "frame_end_index": 13049,
  "timestamp_start": "0:06:59",
  "timestamp_end": "0:07:14",
  "avg_count": 1.0044444444444445,
  "avg_density": 0.01674074074074074,
  "samples": [
    "frame_00012600.jpg",
    "frame_00012825.jpg",
    "frame_00013049.jpg"
  ]
}