{
  "window_index": 8,
  "frame_start": 3600,
  "frame_end": 4049,
  "avg_count": 5.408888888888889,
  "avg_density": 0.09014814814814814
}