{
  "window_index": 34,
  "frame_start": 15300,
  "frame_end": 15749,
  "avg_count": 10.873333333333333,
  "avg_density": 0.18122222222222226
}