{
  "window_index": 33,
  "frame_start": 14850,
  "frame_end": 15299,
  "avg_count": 6.413333333333333,
  "avg_density": 0.10688888888888891
}