{
  "window_index": 24,
  "frame_start": 10800,
  "frame_end": 11249,
  "avg_count": 26.342222222222222,
  "avg_density": 0.439037037037037
}