{
  "window_index": 37,
  "frame_start": 16650,
  "frame_end": 17099,
  "avg_count": 20.702222222222222,
  "avg_density": 0.34503703703703703
}