{
  "window_index": 9,
  "frame_start": 4050,
  "frame_end": 4499,
  "avg_count": 5.293333333333333,
  "avg_density": 0.08822222222222223
}