{
  "window_index": 0,
  "frame_start": 0,
  "frame_end": 449,
  "avg_count": 35.27333333333333,
  "avg_density": 0.5878888888888888
}