{
  "window_index": 42,
  "frame_start": 18900,
  "frame_end": 19349,
  "avg_count": 43.49777777777778,
  "avg_density": 0.724962962962963
}