{
  "window_index": 42,
  "frame_start_index": 18900,
  "frame_end_index": 19349,
  "timestamp_start": "0:10:29",
  "timestamp_end": "0:10:44",
  "avg_count": 4.915555555555556,
  "avg_density": 0.08192592592592592,
  "samples": [
    "frame_00018900.jpg",
    "frame_00019125.jpg",
    "frame_00019349.jpg"
  ]
}