{
  "window_index": 35,
  "frame_start": 15750,
  "frame_end": 16199,
  "avg_count": 15.188888888888888,
  "avg_density": 0.2531481481481481
}