{
  "window_index": 30,
  "frame_start": 13500,
  "frame_end": 13949,
  "avg_count": 10.557777777777778,
  "avg_density": 0.17596296296296296
}