{
  "window_index": 5,
  "frame_start_index": 2250,
  "frame_end_index": 2699,
  "timestamp_start": "0:01:14",
  "timestamp_end": "0:01:29",
  "avg_count": 0.7511111111111111,
  "avg_density": 0.012518518518518517,
  "samples": [
    "frame_00002250.jpg",
    "frame_00002475.jpg",
    "frame_00002699.jpg"
  ]
}