{
  "window_index": 5,
  "frame_start": 2250,
  "frame_end": 2699,
  "avg_count": 40.562222222222225,
  "avg_density": 0.676037037037037
}