{
  "window_index": 14,
  "frame_start": 6300,
  "frame_end": 6749,
  "avg_count": 17.182222222222222,
  "avg_density": 0.28637037037037033
}