{
  "window_index": 20,
  "frame_start_index": 9000,
  "frame_end_index": 9449,
  "timestamp_start": "0:04:59",
  "timestamp_end": "0:05:14",
  "avg_count": 0.20666666666666667,
  "avg_density": 0.0034444444444444444,
  "samples": [
    "frame_00009000.jpg",
    "frame_00009225.jpg",
    "frame_00009449.jpg"
  ]
}