{
  "window_index": 16,
  "frame_start_index": 7200,
  "frame_end_index": 7649,
  "timestamp_start": "0:03:59",
  "timestamp_end": "0:04:14",
  "avg_count": 0.10666666666666667,
  "avg_density": 0.0017777777777777779,
  "samples": [
    "frame_00007200.jpg",
    "frame_00007425.jpg",
    "frame_00007649.jpg"
  ]
}