{
  "window_index": 25,
  "frame_start": 11250,
  "frame_end": 11699,
  "avg_count": 35.53111111111111,
  "avg_density": 0.5921851851851853
}