{
  "window_index": 37,
  "frame_start_index": 16650,
  "frame_end_index": 17099,
  "timestamp_start": "0:09:14",
  "timestamp_end": "0:09:29",
  "avg_count": 1.6888888888888889,
  "avg_density": 0.02814814814814815,
  "samples": [
    "frame_00016650.jpg",
    "frame_00016875.jpg",
    "frame_00017099.jpg"
  ]
}