{
  "window_index": 31,
  "frame_start_index": 13950,
  "frame_end_index": 14399,
  "timestamp_start": "0:07:44",
  "timestamp_end": "0:07:59",
  "avg_count": 0.19111111111111112,
  "avg_density": 0.0031851851851851854,
  "samples": [
    "frame_00013950.jpg",
    "frame_00014175.jpg",
    "frame_00014399.jpg"
  ]
}