{
  "window_index": 40,
  "frame_start_index": 18000,
  "frame_end_index": 18449,
  "timestamp_start": "0:09:59",
  "timestamp_end": "0:10:14",
  "avg_count": 4.035555555555556,
  "avg_density": 0.06725925925925925,
  "samples": [
    "frame_00018000.jpg",
    "frame_00018225.jpg",
    "frame_00018449.jpg"
  ]
}