{
  "window_index": 28,
  "frame_start": 12600,
  "frame_end": 13049,
  "avg_count": 12.864444444444445,
  "avg_density": 0.2144074074074074
}