{
  "window_index": 26,
  "frame_start": 11700,
  "frame_end": 12149,
  "avg_count": 31.43777777777778,
  "avg_density": 0.523962962962963
}