{
  "window_index": 10,
  "frame_start_index": 4500,
  "frame_end_index": 4949,
  "timestamp_start": "0:02:29",
  "timestamp_end": "0:02:44",
  "avg_count": 0.4222222222222222,
  "avg_density": 0.007037037037037036,
  "samples": [
    "frame_00004500.jpg",
    "frame_00004725.jpg",
    "frame_00004949.jpg"
  ]
}