{
  "window_index": 17,
  "frame_start": 7650,
  "frame_end": 8099,
  "avg_count": 2.9155555555555557,
  "avg_density": 0.0485925925925926
}